Workbook

Sheet Timely Filing
A1: Carrier timely filing limits
A2: Days allowed to submit a clean claim, to resubmit a corrected claim on a claim the payer already has, and to file a reconsideration or appeal - by carrier. Each block records whether the carrier counts from the date of service or from the processed / remittance date. Rows shaded amber have nothing on file and need research; rows shaded blue carry more than one rule. See the 'Notes & Sources' tab.
A4: Carrier | B4: Timely Filing Limit | C4: Days | D4: Basis | E4: Status | F4: Corrected Claim Limit | G4: Corrected Claim Days | H4: Corrected Claim Counted From | I4: Corrected Claim Status | J4: Reconsideration / Appeal Limit | K4: Appeal Days | L4: Appeal Counted From | M4: Appeal Status | N4: Corrected Claim / Appeal Source | O4: Likely Payer Name(s) in AR Data | P4: Notes
A5: AARP MA CHOICE / MEDICARE COMPLETE | B5: Not documented | D5: - | E5: Needs research | F5: 180 calendar days from the original remittance date. The corrected claim must also fall inside the filing window in the agreement counted from the date of service, so whichever window closes first governs. Include every originally billed line, not just the line being corrected | G5: 180 | H5: Processed date | I5: Confirmed | J5: 12 months from the EOB / PRA to complete reconsideration then appeal (contracted). Non-contracted Medicare Advantage: 120 days from the original claim determination | K5: 365 | L5: Processed date | M5: Verify vs contract | N5: UnitedHealthcare - Pre- and post-service appeals and reconsiderations (uhcprovider.com/en/claims-payments-billing/appeals.html); Medicare Advantage non-contracted care provider dispute and appeal rights (uhcprovider.com) | O5: AARP MedicareComplete (SecureHorizons & Oxford Network); AARP United Healthcare | P5: No limit supplied. Administered by UnitedHealthcare - confirm whether the UHC Medicare Advantage limit (90 days) applies or whether the plan carries its own.
A6: AETNA | B6: 120 days per contract | C6: 120 | D6: Contract | E6: Confirmed | F6: 180 days from the date of determination, unless the provider agreement says otherwise | G6: 180 | H6: Processed date | I6: Confirmed | J6: Reconsideration 180 calendar days from the claim decision; formal appeal 60 calendar days from the reconsideration decision | K6: 180 | L6: Processed date | M6: Confirmed | N6: Aetna - Disputes and appeals overview and Provider appeals (aetna.com/health-care-professionals/disputes-appeals) | O6: Aetna; Aetna Legacy; Aetna Medicare HMO; Aetna Medicare PPO; Aetna Senior Supplemental (AESSI) | P6: Per contract rather than provider manual, so the limit is specific to our agreement.
A7: AHCCCS | B7: 6 months from the date of service | C7: 180 | D7: Provider manual | E7: Confirmed | F7: 12 months from the date of service to resubmit and reach clean claim status, provided the original claim was received inside the 6 month window | G7: 365 | H7: Date of service | I7: Confirmed | J7: 12 months from the date of service. If the denial lands within 60 days of that deadline, 60 days from the adverse action date printed on the remittance advice | K7: 365 | L7: Date of service | M7: Confirmed | N7: AHCCCS - Claim Resubmission and Reconsideration Process and Provider Claim Disputes (azahcccs.gov/PlansProviders/RatesAndBilling/FFS) | O7: - | P7: Arizona Medicaid fee for service. An initial claim must be received within 6 months of the date of service, except where retro-eligibility applies; claims received later are denied. Secondary claims must meet the same 6 month test. The limit is stated in months - column C carries 180 days so the row sorts and calculates, but count 6 calendar months from the date of service for the real deadline. AHCCCS-contracted plans (Mercy Care, Health Choice, Banner University, UHC Community, AZ Complete) are listed separately.
A8: AMBETTER | B8: 120 days | C8: 120 | D8: - | E8: Confirmed | F8: 365 days from the date of service. The original claim reference number must be on the resubmission or it is treated as a new claim | G8: 365 | H8: Date of service | I8: Confirmed | J8: Reconsideration (level I) 180 days from the date on the original EOP or denial; claim dispute (level II) only after an unsatisfactory reconsideration response | K8: 180 | L8: Processed date | M8: Verify vs manual | N8: Ambetter from Arizona Complete Health - Provider and Billing Manual (azcompletehealth.com); Ambetter Provider Claims and Payments FAQ (ambetterhealth.com) | O8: AMBETTER | P8: Centene marketplace product.
A9: AMERIGROUP | B9: 365 days | C9: 365 | D9: - | E9: Confirmed | F9: Must fall inside the initial filing limit and carry the corrected claim frequency code; a corrected claim filed inside that limit rebuts a timely filing denial | H9: Date of service | I9: Verify vs contract | J9: Reconsideration up to 24 months from the EOP date (shorter in some states); payment appeal 60 calendar days from the EOP or the reconsideration determination notice; second level 30 days | K9: 60 | L9: Processed date | M9: Verify vs contract | N9: Amerigroup - Claims Timely Filing and Corrected Claims reimbursement policies; Payment appeal timely filing limit update (provider.amerigroup.com) | O9: - | P9: No matching payer name in the 2026-S1 pending file.
A10: AZ COMPLETE | B10: 120 days | C10: 120 | D10: - | E10: Confirmed | F10: 365 days from the date of service. The original claim reference number must be on the resubmission | G10: 365 | H10: Date of service | I10: Confirmed | J10: Reconsideration 12 months from the date of service, reviewed within 60 days; formal provider claim dispute follows an unsuccessful reconsideration | K10: 365 | L10: Date of service | M10: Confirmed | N10: Arizona Complete Health - Provider Manual Finance/Billing and Grievance and Appeal System; Medicaid Provider Claim Resolution Process (azcompletehealth.com) | O10: Arizona Complete Health (Centene)
A11: AZ PRIORITY CARE | B11: 60 days | C11: 60 | D11: - | E11: Confirmed | F11: No separate corrected claim window published. A claim decision you disagree with goes through the dispute route below, which allows 365 days | G11: 365 | H11: Processed date | I11: Verify vs manual | J11: 365 calendar days of the initial claim decision. File on the Provider Dispute Resolution Request (PDR) form through the AZ Connect portal, with the original claim, EOB, authorisation and records | K11: 365 | L11: Processed date | M11: Confirmed | N11: Arizona Priority Care - Claims Submission and Appeals, rev. 8 August 2025, and Claims and Payments toolkit (azprioritycare.com) | O11: Arizona Priority Care Plus | P11: Shortest limit on this list together with BHN and Devoted - work these denials first.
A12: BANNER HEALTH & AETNA | B12: 120 days | C12: 120 | D12: - | E12: Confirmed | F12: 180 days from the date of the initial decision, unless state regulation or the organisational provider contract allows longer | G12: 180 | H12: Processed date | I12: Confirmed | J12: 180 days from the date of the initial decision, unless state regulation or the organisational provider contract allows longer. Decision issued within 60 calendar days | K12: 180 | L12: Processed date | M12: Confirmed | N12: Banner Aetna - Dispute & Appeals Process Quick Reference Guide (banneraetna.com/en/health-care-professionals/dispute-and-appeals-overview); Aetna - Disputes and appeals overview (aetna.com) | O12: Banner Health & Aetna Health Insurance Company; Banner Aetna | P12: Joint venture product; separate from the Aetna and BHN rows.
A13: BANNER HEALTH NETWORK (BHN) | B13: 60 days | C13: 60 | D13: Provider manual | E13: Confirmed | F13: Not documented as a separate window. Mark the claim "Resubmission" or set the resubmission box on an electronic claim | H13: - | I13: Needs research | J13: Not documented as a separate provider claim dispute window on the open site | L13: - | M13: Needs research | N13: Banner Health Network 2026 Provider Resource Manual v8.0, 10 December 2025 (bannerhealthnetwork.com/Document/1142) - could not be retrieved, pull the claims chapter directly | O13: Banner Health Physician Hospital Organization Plan Administration | P13: Shortest limit on this list together with AZ Priority Care and Devoted.
A14: BANNER MEDICARE ADVANTAGE | B14: 120 days | C14: 120 | D14: Provider manual | E14: Confirmed | F14: Not documented as a separate window. Mark the claim "Resubmission" or set the resubmission box on an electronic claim | H14: - | I14: Needs research | J14: 65 calendar days from the date printed on the written coverage decision denial notice. This is the published coverage decision window - confirm the provider claim payment dispute window in the provider manual | K14: 65 | L14: Processed date | M14: Verify vs manual | N14: Banner Medicare Advantage - Appeals (bannerhealth.com/medicare/members/resources/g-and-a/appeals); 2026 Provider Manual effective 05/15/2026 | O14: Banner Medicare Advantage Prime HMO (BMAH)
A15: BANNER UNIVERSITY MA | B15: 120 days | C15: 120 | D15: - | E15: Verify vs contract | F15: 12 months from the date of service, under the AHCCCS resubmission rule. Mark the claim "Resubmission" or set the resubmission box on an electronic claim | G15: 365 | H15: Date of service | I15: Verify vs contract | J15: 12 months from the date of service. If the denial lands within 60 days of that deadline, 60 days from the adverse action date on the remittance advice | K15: 365 | L15: Date of service | M15: Verify vs contract | N15: Banner Health Plans - Claims and Payments (bannerhealth.com/bhpprovider/resources/claims); AHCCCS agreement YH23-0010 identifying Banner - University Care Advantage as the D-SNP; AHCCCS Claim Resubmission and Reconsideration Process | O15: - | P15: Needs to be verified against the contract.
A16: BANNER UNIVERSITY MEDICAID | B16: 120 days | C16: 120 | D16: - | E16: Verify vs contract | F16: 12 months from the date of service, under the AHCCCS resubmission rule. Mark the claim "Resubmission" or set the resubmission box on an electronic claim | G16: 365 | H16: Date of service | I16: Verify vs contract | J16: Reconsideration 12 months from the date of service. If the denial lands within 60 days of that deadline, 60 days from the adverse action date on the remittance advice | K16: 365 | L16: Date of service | M16: Verify vs contract | N16: Banner Health Plans - AHCCCS Complete Care Provider Manual and Claims pages (bannerhealth.com/bhpprovider/resources/claims); AHCCCS Claim Resubmission and Reconsideration Process | O16: Banner University Family Care - Arizona Long Term Care System | P16: Needs to be verified against the contract.
A17: BCBS | B17: 365 days from DOS; 90 days as of 1/1/2026 | C17: 90 | D17: - | E17: Confirmed | F17: 90 days from the date of service. A resubmission gets no extension - it must land inside the same window as the original claim, so a claim filed late in the window leaves very little room to correct it | G17: 90 | H17: Date of service | I17: Confirmed | J17: 1 year from the original processing date for a reconsideration. Self-funded groups that customise their appeal procedure may use a 180 day window | K17: 365 | L17: Processed date | M17: Confirmed | N17: Resubmission window supplied by the practice. The reconsideration window is from AZ Blue - Claims and Remits and Appeals and Grievances (azblue.com/provider/resources), which states that most claim adjustments and requests for reconsideration must be made within one year of the date the claim was originally processed | O17: Blue Cross Blue Shield of Arizona (BCBS AZ); Blue Cross Blue Shield of Arizona | P17: Initial filing limit changed on 1 January 2026. Use 90 days for dates of service on or after 01/01/2026 and 365 days for earlier dates. Resubmissions run on the same 90 day clock from the date of service and get no extension, so on this carrier the correction window closes with the filing window. The reconsideration route is the opposite: 1 year from the date the claim was originally processed. Reach for a reconsideration rather than a resubmission once the 90 days are gone - see the 'Notes & Sources' tab.
A18: BCBS REGENCE | B18: 365 days from DOS (90 days as of 2026) | C18: 90 | D18: - | E18: Confirmed | F18: Not documented as a separate window on the open provider site | H18: - | I18: Needs research | J18: 180 days from the date of the initial adverse determination | K18: 180 | L18: Processed date | M18: Verify vs manual | N18: Regence - Pricing disputes and appeals and Claims submission (regence.com/provider/claims-payment). The 180 day figure is not stated on the open provider pages; confirm against the provider administrative manual | O18: - | P18: Same 2026 reduction as BCBS. Use 90 days for 2026 dates of service and 365 days for earlier dates.
A19: CIGNA / CIGNA MEDICARE | B19: 90 days from DOS | C19: 90 | D19: - | E19: Confirmed | F19: No automatic extension. A corrected claim stays subject to the timely filing provision in the Cigna agreement, so the 90 day window from the date of service still governs | G19: 90 | H19: Date of service | I19: Confirmed | J19: 180 calendar days from the date of the initial payment or denial notice, or from the date of the last payment adjustment. Reconsideration also 180 days from the claim payment date | K19: 180 | L19: Processed date | M19: Confirmed | N19: Cigna Healthcare - Appeals and Disputes and Appeal Policy and Procedures for Health Care Professionals (cigna.com/health-care-providers/coverage-and-claims/appeals-disputes) | O19: HealthSpring Medicare Advantage; CIGNA HealthSprings; Cigna Medicare Advantage | P19: Same limit for the commercial and Medicare Advantage products.
A20: DEVOTED | B20: 60 days | C20: 60 | D20: - | E20: Confirmed | F20: 1 year from the claim processed date | G20: 365 | H20: Processed date | I20: Confirmed | J20: 90 days from the latest processed date, filed as a dispute on the provider portal | K20: 90 | L20: Processed date | M20: Confirmed | N20: Supplied by the practice. The Devoted provider manual names its timely filing and payment dispute sections but does not publish the day counts openly, so this is the practice figure rather than a published one | O20: Devoted Health Plan | P20: Shortest limit on this list together with AZ Priority Care and BHN.
A21: HEALTH CHOICE MEDICAID | B21: 6 months (not primary) or 7 months (primary) | C21: 180 | D21: Provider manual | E21: Confirmed | F21: 12 months from the date of service, for contracted and non-contracted providers alike | G21: 365 | H21: Date of service | I21: Confirmed | J21: The claim must be timely - 1 year from the date of service or 60 days from the date of the last adverse action - to be eligible for review | K21: 365 | L21: Date of service | M21: Confirmed | N21: BCBSAZ Health Choice - Provider Manual and Claims (azblue.com/medicaid/providers/claims; healthchoiceaz.com/providers/provider-manual) | O21: Health Choice Arizona | P21: Two limits - 6 months when Health Choice is not the primary payer, 7 months when it is. Stated in months, not days, so count calendar months from the date of service. Column C carries 180 days, the shorter of the two, so the row never calculates a deadline later than the rule allows; add a month where Health Choice is primary.
A22: HEALTH CHOICE PATHWAY (HEALTH CHOICE GENERATIONS) | B22: 6 months | C22: 180 | D22: Provider manual | E22: Confirmed | F22: A corrected claim is treated as a new claim for an initial organisation determination, not as an appeal. It must be timely - 1 year from the date of service or 60 days from the last adverse action | G22: 365 | H22: Date of service | I22: Confirmed | J22: Standard reconsideration 60 calendar days from the date of denial; second level grievance 60 calendar days after receipt of the first level determination | K22: 60 | L22: Processed date | M22: Confirmed | N22: Health Choice Pathway - Providers Claims (azblue.com/health-choice-pathway/providers/providers-claims) | O22: Health Choice Pathway (Health Choice Generations) | P22: Stated in months, not days - count 6 calendar months from the date of service (roughly 180-184 days). Column C carries 180 days, the conservative end of that range.
A23: HUMANA COMMERCIAL | B23: 180 days from DOS (physicians); 90 days from DOS (ancillary providers) | C23: 90 | D23: - | E23: Confirmed | F23: No separate window published - the corrected claim rides the initial filing limit from the date of service, so the shorter 90 day ancillary figure governs unless the rendering provider is confirmed as a physician, which allows 180 | G23: 90 | H23: Date of service | I23: Verify vs contract | J23: Level 2 appeal 60 days from the level 1 denial; level 3 four months from the level 2 denial. The level 1 window is set by the medical policy or the provider agreement | K23: 60 | L23: Processed date | M23: Verify vs contract | N23: Humana - Reconsiderations and appeals and Claim payment inquiry resolution guide (provider.humana.com/coverage-claims/payment-integrity/reconsiderations-appeals) | O23: Humana | P23: Two limits depending on provider type. Column C carries 90 days, the ancillary figure, so the row never calculates a deadline later than the rule allows. Confirm the rendering provider is a physician before relying on the longer 180 days.
A24: HUMANA MA | B24: 180 days from DOS (physicians); 90 days from DOS (ancillary providers) | C24: 90 | D24: - | E24: Confirmed | F24: No separate window published - the corrected claim rides the initial filing limit from the date of service, so the shorter 90 day ancillary figure governs unless the rendering provider is confirmed as a physician, which allows 180 | G24: 90 | H24: Date of service | I24: Verify vs contract | J24: 18 months from the processed date to file an appeal. Humana's published escalation ladder then runs on top: level 2 appeal 60 days from the level 1 denial, level 3 four months from the level 2 denial | K24: 540 | L24: Processed date | M24: Confirmed | N24: Supplied by the practice for Humana Gold Plus HMO. Humana publishes the level 2 and level 3 timers (provider.humana.com/coverage-claims/payment-integrity/reconsiderations-appeals) but not the level 1 filing window, which is set by the plan or the provider agreement | O24: Humana Gold Plus HMO | P24: Same initial filing split as Humana commercial - column C carries the 90 day ancillary figure, so confirm the rendering provider is a physician before relying on 180 days. The appeal window is the opposite story and the longest on this sheet: 18 months from the processed date, against 90 days to get the claim in. A Humana Gold Plus timely filing denial is worth reviewing long after the filing window itself has closed.
A25: MEDICA | B25: 180 days from DOS; 180 days from the Medicare payment date for Select Solution and Prime Solution | C25: 180 | D25: Provider manual | E25: Confirmed | F25: Within the filing limit in the agreement, but the clock starts on the date Medica notified you the claim failed processing or was denied. Where the rejection was Medica error, up to 1 year from the Confirmation Report run date or the EOP date | G25: 365 | H25: Processed date | I25: Confirmed | J25: 12 months from the processing date. For provider liability denials, 12 months from the check date on the PRA | K25: 365 | L25: Processed date | M25: Confirmed | N25: Medica - Claim Adjustment/Appeal Guidelines and Timely Filing and Late Claims Policy (partner.medica.com/providers/medica-administrative-manual) | O25: Medica Health Plan Solutions (Mayo Plan - CHI Health) | P25: In network original claims must reach the designated claims address within 180 days of the date of service, or the discharge date for inpatient. On Medica Select Solution and Prime Solution with Medicare primary, the 180 days runs from the payment date on the explanation of Medicare benefits instead. The provider agreement can set a different limit and governs where it does.
A26: MEDICARE | B26: 1 year | C26: 365 | D26: Statute | E26: Confirmed | F26: Reopening to correct a clerical error or omission - 1 year from the date of the initial determination. Minor errors go through reopening, not the appeals process | G26: 365 | H26: Processed date | I26: Confirmed | J26: Redetermination - 120 days from receipt of the initial determination. Receipt is presumed 5 calendar days after the date on the remittance advice, so the MAC allows 125 days from the RA date | K26: 120 | L26: Processed date | M26: Confirmed | N26: CMS - Medicare Claims Processing Manual Chapter 34, Reopening and Revision of Claim Determinations; First Level of Appeal: Redetermination by a Medicare Contractor (cms.gov) | O26: Medicare Part B Arizona *; DME Region D | P26: One calendar year from the date of service, set by statute rather than by contract. Largest payer in the 2026-S1 pending file.
A27: MERCY CARE ADVANTAGE | B27: 150 days from DOS or eligibility posting, whichever is later | C27: 150 | D27: Provider manual | E27: Confirmed | F27: Resubmission is the only route - contracted providers have no claim dispute rights on this product. Mark the claim "Attention: Resubmissions" so it is not denied as a duplicate. The Advantage manual publishes no separate window, so the AHCCCS resubmission parameter of 12 months from the date of service is applied here | G27: 365 | H27: Date of service | I27: Verify vs manual | J27: 12 months from the date of service, applied from the AHCCCS parameter at the practice's direction. The published Advantage manual takes the opposite position - it states that contracted providers have no claim dispute rights on this product and directs a disputed claim back through resubmission - so confirm the route with Mercy Care before filing a dispute rather than a resubmission | K27: 365 | L27: Date of service | M27: Verify vs manual | N27: Mercy Care Advantage Provider Manual, January 2026 (mercycareaz.org/providers/provider-manual.html) | O27: Mercy Care Health Plan Advantage (AHCCCS) | P27: New claims must be filed within 150 days of the date of service or the eligibility posting date, whichever is later - a shorter window than the 365 days Mercy Care Medicaid allows. Corrected claim and dispute windows follow the AHCCCS parameter of 12 months from the date of service, the same as Mercy Care Medicaid, applied at the practice's direction. Be aware the published Advantage manual says contracted providers have no claim dispute rights here and routes disputed claims through resubmission instead, so a dispute may be refused on that basis.
A28: MERCY CARE MEDICAID | B28: 180 days | C28: 180 | D28: - | E28: Confirmed | F28: 365 days from the date of service or the eligibility posting date, whichever is later. If a claim is recouped, a further 60 days from the recoupment date | G28: 365 | H28: Date of service | I28: Confirmed | J28: Claim disputes: 12 months from the date of service, 12 months after the eligibility posting date, or 60 days after the date of a timely claim submission - whichever is less | K28: 365 | L28: Date of service | M28: Confirmed | N28: Mercy Care - Claims Processing Manual and Provider Manual; Claim Dispute Reminder notices (mercycareaz.org/providers/claims.html) | O28: Mercy Care Plan (AHCCCS) - Complete Care & Long Term Care (LTC); Mercy Care RBHA
A29: OPTUM | B29: 90 days | C29: 90 | D29: - | E29: Confirmed | F29: No separate window published. Resubmit with claim frequency code 7 and the payer claim control number; a disputed decision goes through the PDR route below | G29: 365 | H29: Processed date | I29: Verify vs manual | J29: 365 calendar days of the payment or denial, on the Provider Dispute Resolution Request (PDR) form or through the Optum Pro portal. Outcome issued within 45 working days | K29: 365 | L29: Processed date | M29: Verify vs manual | N29: Optum Care - Claims Provider Manual and Arizona Provider Dispute Resolution Request form (optum.com; business.optum.com). The 365 day PDR window is Optum's standard across markets; it is published explicitly in the California AB 1455 dispute notices, not in an Arizona specific document | O29: Optum Care Medical Network of Arizona, Utah, & Washington (LifePrint)
A30: OSCAR HEALTH | B30: 180 days | C30: 180 | D30: Provider manual | E30: Confirmed | F30: No separate window - the corrected claim must land inside the 180 day filing limit from the date of service. Submit the entire claim as a replacement with frequency code 7 (CMS 1500 box 22) or type of bill xx7 (UB-04), carrying the original payer claim ID | G30: 180 | H30: Date of service | I30: Confirmed | J30: 180 calendar days after notice of the adverse decision | K30: 180 | L30: Processed date | M30: Verify vs manual | N30: Oscar Health - 2026 Provider Manual effective 01/01/26 and Claims Disputes Provider Form (hioscar.com/providers) | O30: Oscar Health
A31: REDIRECT HEALTH | B31: Not documented - third party administrator, the plan document sets the limit | D31: - | E31: Needs research | F31: Not documented - third party administrator, the window comes from the underlying plan document | H31: - | I31: Needs research | J31: Not documented - a formal claim appeal is filed on their online appeal form, but no window is published | L31: - | M31: Needs research | N31: Redirect Health - Provider Portal and claims information (redirecthealth.com). No filing windows published; claims questions to Claims@RedirectAdmin.com | O31: - | P31: Redirect Health Administration LLC administers self-funded plans, so the filing limit comes from the underlying plan document rather than from a single Redirect policy. A clean claim is paid within 45 business days. Claim questions go to Claims@RedirectAdmin.com; appeals are filed on their online appeal form. No filing windows are published - request them from the plan administrator.
A32: TRICARE EAST | B32: 1 year from the date of service | C32: 365 | D32: Provider manual | E32: Confirmed | F32: Must fall inside the 1 year claim filing deadline. A corrected claim is not an appeal and is filed separately to the corrected claims address | G32: 365 | H32: Date of service | I32: Verify vs manual | J32: 90 days from the date on the explanation of benefits. Corrected claims are among the issues that are not appealable | K32: 90 | L32: Processed date | M32: Confirmed | N32: Humana Military - TRICARE Provider Handbook East Region and Claims pages (humanamilitary.com/provider/claims); TRICARE - How to Submit a Claim Appeal (tricare.mil) | O32: - | P32: Administered by Humana Military. All claims for benefits must be filed no later than one year after the date services were provided. Note the pending file shows Tricare West and Tricare for Life, not Tricare East - confirm which region we actually bill, as the West region contractor changed on 1 January 2025.
A33: TRIWEST | B33: 120 days | C33: 120 | D33: - | E33: Confirmed | F33: 365 days of the last processed claim determination date. The corrected claim completely replaces the previously filed claim | G33: 365 | H33: Processed date | I33: Confirmed | J33: Reconsideration 90 days of the original claim processed date. Forms filed outside that window are denied | K33: 90 | L33: Processed date | M33: Confirmed | N33: TriWest VA CCN - Billing and Claims and Provider Claims Reconsideration (vaccn.triwest.com/en/provider) | O33: TRIWEST VA CCN CLAIMS | P33: TriWest administers VA Community Care Network Region 4; claims post under the same payer name as the VA CCN row below, so check which limit the claim was billed under.
A34: UHC COMMERCIAL | B34: 90 days | C34: 90 | D34: - | E34: Confirmed | F34: 180 calendar days from the original remittance date. The corrected claim must also fall inside the filing window in the agreement counted from the date of service, so whichever window closes first governs. Include every originally billed line, not just the line being corrected | G34: 180 | H34: Processed date | I34: Confirmed | J34: 12 months from the date of the EOB or PRA to complete both steps: reconsideration first, then appeal | K34: 365 | L34: Processed date | M34: Confirmed | N34: UnitedHealthcare - Pre- and post-service appeals and reconsiderations (uhcprovider.com/en/claims-payments-billing/appeals.html) | O34: United Healthcare; Surest (A United Healthcare Company - Formerly BIND)
A35: UHC COMMUNITY | B35: 90 days | C35: 90 | D35: Provider manual | E35: Confirmed | F35: 180 calendar days from the original remittance date. The corrected claim must also fall inside the filing window in the agreement counted from the date of service, so whichever window closes first governs. Include every originally billed line, not just the line being corrected | G35: 180 | H35: Processed date | I35: Confirmed | J35: 12 months to complete both steps: reconsideration first, then appeal if the reconsideration outcome is unsatisfactory | K35: 365 | L35: Processed date | M35: Confirmed | N35: UnitedHealthcare Community Plan of Arizona - 2026 Care Provider Manual chapter 14; Pre- and post-service appeals and reconsiderations (uhcprovider.com) | O35: UnitedHealthcare Community Plan / Arizona Long Term Care | P35: AHCCCS product. Third largest payer in the 2026-S1 pending file with one of the shorter limits.
A36: UHC DUAL COMPLETE | B36: 365 days | C36: 365 | D36: - | E36: Confirmed | F36: 180 calendar days from the original remittance date. The corrected claim must also fall inside the filing window in the agreement counted from the date of service, so whichever window closes first governs. Include every originally billed line, not just the line being corrected | G36: 180 | H36: Processed date | I36: Confirmed | J36: 12 months from the date of the EOB or PRA to complete both steps: reconsideration first, then appeal | K36: 365 | L36: Processed date | M36: Confirmed | N36: UnitedHealthcare - Pre- and post-service appeals and reconsiderations (uhcprovider.com/en/claims-payments-billing/appeals.html) | O36: United HealthCare Dual Complete | P36: Much longer than the other UnitedHealthcare products - do not apply the 90 day limit here.
A37: UHC MA | B37: 90 days | C37: 90 | D37: - | E37: Confirmed | F37: 180 calendar days from the original remittance date. The corrected claim must also fall inside the filing window in the agreement counted from the date of service, so whichever window closes first governs. Include every originally billed line, not just the line being corrected | G37: 180 | H37: Processed date | I37: Confirmed | J37: 12 months from the EOB / PRA to complete both steps (contracted). Non-contracted Medicare Advantage: 120 calendar days from the original claim determination | K37: 365 | L37: Processed date | M37: Confirmed | N37: UnitedHealthcare - Pre- and post-service appeals and reconsiderations; Medicare Advantage non-contracted care provider dispute and appeal rights (uhcprovider.com) | O37: UHC Group Medicare Advantage
A38: UMR / WAUSAU | B38: Not documented - third party administrator, the plan document sets the limit | D38: - | E38: Needs research | F38: Not documented - carries resubmission code 7 in box 22, but the window comes from the underlying plan document | H38: - | I38: Needs research | J38: At least 180 days from the adverse benefit determination - the ERISA floor for a self-funded group health plan at 29 CFR 2560.503-1. The plan document sets the actual window and the denial letter or EOB carries it | K38: 180 | L38: Processed date | M38: Verify vs manual | N38: UMR - How to request claim appeals online and Post-Service Provider Request Form (umr.com). UMR is a third party administrator; the plan document sets claim filing, and ERISA sets the 180 day appeal floor at 29 CFR 2560.503-1 | O38: UMR Wausau / UHIS | P38: Third party administrator for self-funded employer plans, so the filing limit is set by the underlying plan document rather than by a single UMR policy - the deadline is in the denial letter or EOB for the specific plan. For appeals there is a federal floor: ERISA requires a self-funded group health plan to allow at least 180 days to file an internal appeal after an adverse benefit determination.
A39: VETERANS ADMIN (VA CCN) | B39: 180 days | C39: 180 | D39: - | E39: Confirmed | F39: 365 days of the last processed claim determination date. The corrected claim completely replaces the previously filed claim | G39: 365 | H39: Processed date | I39: Confirmed | J39: Reconsideration 90 days of the original claim processed date. Forms filed outside that window are denied | K39: 90 | L39: Processed date | M39: Confirmed | N39: TriWest VA CCN - Billing and Claims and Provider Claims Reconsideration (vaccn.triwest.com/en/provider) | O39: TRIWEST VA CCN CLAIMS | P39: Community Care Network claims. Shares a payer name with the TriWest row, which carries a shorter 120 day limit - identify the correct programme before relying on 180 days.
A40: WELLCARE BY ALLWELL | B40: 95 days | C40: 95 | D40: - | E40: Confirmed | F40: 90 days from the date the explanation of payment or denial is issued. Prior processing is upheld outside that window unless a qualifying circumstance is documented | G40: 90 | H40: Processed date | I40: Confirmed | J40: Reconsiderations and claim disputes 90 days from the date the explanation of payment or denial is issued; 90 calendar days of a denial for lack of prior authorisation | K40: 90 | L40: Processed date | M40: Confirmed | N40: Wellcare - Claims, Disputes and Recovery Guide and Medicare Advantage Provider Manual 2026 (wellcare.com); Allwell Provider Billing Guide (azcompletehealth.com) | O40: Allwell - All States (Centene)

Sheet Summary
A1: Summary
A2: Counts are live formulas over the 'Timely Filing' tab, so they update as rows are added or limits are filled in.
A4: Carriers by status
A5: Carriers on file | B5: =COUNTA('Timely Filing'!$A$5:$A$40) -> 36
A6: Limit confirmed | B6: =COUNTIF('Timely Filing'!$E$5:$E$40,"Confirmed") -> 31
A7: Limit to verify against contract | B7: =COUNTIF('Timely Filing'!$E$5:$E$40,"Verify vs contract") -> 2
A8: No limit on file - needs research | B8: =COUNTIF('Timely Filing'!$E$5:$E$40,"Needs research") -> 3
A10: Carriers by limit
A11: 60 days | B11: =COUNTIF('Timely Filing'!$C$5:$C$40,60) -> 3
A12: 90 days | B12: =COUNTIF('Timely Filing'!$C$5:$C$40,90) -> 9
A13: 95 days | B13: =COUNTIF('Timely Filing'!$C$5:$C$40,95) -> 1
A14: 120 days | B14: =COUNTIF('Timely Filing'!$C$5:$C$40,120) -> 8
A15: 150 days | B15: =COUNTIF('Timely Filing'!$C$5:$C$40,150) -> 1
A16: 180 days | B16: =COUNTIF('Timely Filing'!$C$5:$C$40,180) -> 7
A17: 365 days / 1 year | B17: =COUNTIF('Timely Filing'!$C$5:$C$40,365) -> 4
A18: Stated in months or split by provider type | B18: =COUNTIF('Timely Filing'!$B$5:$B$40,"*month*")+COUNTIF('Timely Filing'!$B$5:$B$40,"*physicians*") -> 5
A20: Risk view
A21: Carriers at 90 days or less | B21: =COUNTIFS('Timely Filing'!$C$5:$C$40,"<=90",'Timely Filing'!$C$5:$C$40,">0") -> 12
A22: Shortest limit on file (days) | B22: =MIN('Timely Filing'!$C$5:$C$40) -> 60
A23: Longest limit on file (days) | B23: =MAX('Timely Filing'!$C$5:$C$40) -> 365
A25: Corrected claims (claim already received by the payer)
A26: Window confirmed | B26: =COUNTIF('Timely Filing'!$I$5:$I$40,"Confirmed") -> 22
A27: Window to verify against the contract or manual | B27: =COUNTIF('Timely Filing'!$I$5:$I$40,"Verify vs contract")+COUNTIF('Timely Filing'!$I$5:$I$40,"Verify vs manual") -> 9
A28: Nothing on file - needs research | B28: =COUNTIF('Timely Filing'!$I$5:$I$40,"Needs research") -> 5
A29: Counted from the date of service | B29: =COUNTIF('Timely Filing'!$H$5:$H$40,"Date of service") -> 16
A30: Counted from the processed date | B30: =COUNTIF('Timely Filing'!$H$5:$H$40,"Processed date") -> 15
A32: Reconsiderations and appeals
A33: Window confirmed | B33: =COUNTIF('Timely Filing'!$M$5:$M$40,"Confirmed") -> 22
A34: Window to verify against the contract or manual | B34: =COUNTIF('Timely Filing'!$M$5:$M$40,"Verify vs contract")+COUNTIF('Timely Filing'!$M$5:$M$40,"Verify vs manual") -> 12
A35: Nothing on file - needs research | B35: =COUNTIF('Timely Filing'!$M$5:$M$40,"Needs research") -> 2
A36: Counted from the date of service | B36: =COUNTIF('Timely Filing'!$L$5:$L$40,"Date of service") -> 7
A37: Counted from the processed date | B37: =COUNTIF('Timely Filing'!$L$5:$L$40,"Processed date") -> 27
A39: Risk view - corrected claims and appeals
A40: Shortest corrected claim window on file (days) | B40: =MIN('Timely Filing'!$G$5:$G$40) -> 90
A41: Shortest appeal window on file (days) | B41: =MIN('Timely Filing'!$K$5:$K$40) -> 60
A42: Carriers whose appeal window is 90 days or less | B42: =COUNTIFS('Timely Filing'!$K$5:$K$40,"<=90",'Timely Filing'!$K$5:$K$40,">0") -> 9

Sheet Notes & Sources
A1: Notes, assumptions and sources
A3: How to use this workbook
A4: 'Timely Filing' holds one row per carrier. The header row has an AutoFilter - filter column E on 'Needs research' to see the carriers with no limit on file, or sort column C ascending to work the shortest windows first.
A5: Column B is the limit exactly as the carrier states it. Column C restates it as a single number of days so it can be sorted and used in deadline formulas. Where a carrier states the limit in months, or sets a different limit by provider type, column C carries the conservative figure - months converted at 30 days, and the shorter of two split limits - so a deadline calculated from column C never falls later than the carrier's own rule. Column B always holds the real wording, so check it before relying on the longer half of a split.
A6: To work out a deadline, add column C to the date of service. For example a 90 day carrier with a 01/19/2026 date of service must have a clean claim in by 04/19/2026. On the month-based carriers - AHCCCS, Health Choice Medicaid and Health Choice Pathway - that gives a date a few days early, because 6 calendar months runs 180 to 184 days; count calendar months where the extra days matter. Column C is blank only for the three carriers with no limit on file.
A7: Column F lists the payer names these carriers appear under in 'Specialty Claims Pending 2026-S1.xlsx'. It is a convenience aid for matching AR rows to a limit, not an authoritative crosswalk - confirm the payer before relying on it. A dash means no matching payer name was found in that file.
A8: To add a carrier: insert a row on 'Timely Filing' and fill columns A-G. The counts on 'Summary' pick it up automatically as long as the row sits inside the existing range.
A10: Carriers with no limit on file
A11: Three carriers are still without an initial filing limit and are shaded amber: AARP MA Choice / Medicare Complete, Redirect Health and UMR / Wausau. Redirect Health and UMR / Wausau are third party administrators, so their limits come from the underlying plan document rather than from a single carrier policy - the denial letter or EOB carries the deadline. AARP Medicare Complete is administered by UnitedHealthcare but no published limit was found for the product.
A12: Related products are not treated as interchangeable. Mercy Care Medicaid allows 365 days to file but Mercy Care Advantage allows only 150, and the Advantage product gives contracted providers no dispute rights at all. Likewise the UHC Medicare Advantage limit of 90 days has not been copied across to AARP Medicare Complete, even though UnitedHealthcare administers it.
A14: Carriers with more than one limit
A15: Health Choice Medicaid - 6 months when Health Choice is not the primary payer, 7 months when it is (provider manual). Column C carries 180 days, the shorter figure.
... A70: Corrected claim and appeal columns compiled 12 August 2026, and the remaining initial, corrected claim and appeal gaps filled on the same date. The Devoted windows, the Humana Gold Plus HMO appeal window and the BCBS resubmission window were supplied by the practice; every other figure came from the carrier document named in column N or the notes column. No claim, patient or payment data is included in this workbook.
